500,0.05178599804639816,0.06955970078706741,0.05493572726845741
1000,0.0520082488656044,0.0692175105214119,0.05409200116991997
1500,0.05108432099223137,0.0689626932144165,0.05417880043387413
2000,0.051276352256536484,0.06942219287157059,0.05437152832746506
2500,0.05221349373459816,0.06910490244626999,0.05497964471578598
3000,0.051794592291116714,0.06944330036640167,0.05428846552968025
3500,0.0514242984354496,0.06878695636987686,0.053803957998752594
4000,0.05108997970819473,0.06947656720876694,0.05409335717558861
4500,0.051766883581876755,0.06915831565856934,0.053736425936222076
5000,0.05202992632985115,0.06986483186483383,0.05480019748210907
5500,0.05125405266880989,0.07024562358856201,0.05442683398723602
6000,0.051885996013879776,0.06914370507001877,0.054649122059345245
6500,0.051372017711400986,0.0694357380270958,0.05456199496984482
7000,0.051557719707489014,0.06974281370639801,0.05417804792523384
7500,0.05094452574849129,0.06906399130821228,0.054217178374528885
8000,0.051341816782951355,0.06958801299333572,0.054121777415275574
8500,0.051882367581129074,0.06878611445426941,0.05425473675131798
9000,0.05205504968762398,0.06996554881334305,0.05457039549946785
9500,0.05144647881388664,0.06926538795232773,0.055178575217723846
10000,0.051541756838560104,0.06985723972320557,0.05454910919070244
10500,0.05188252776861191,0.07062307000160217,0.05439497530460358
11000,0.05168021470308304,0.06840063631534576,0.05450258031487465
11500,0.052315402776002884,0.07008974254131317,0.054352376610040665
12000,0.0513073205947876,0.06928984075784683,0.05461684241890907
12500,0.051891107112169266,0.06884723156690598,0.05399542674422264
13000,0.05204149708151817,0.06948450952768326,0.05381137877702713
13500,0.052443262189626694,0.06964226067066193,0.054667599499225616
14000,0.05144242197275162,0.06981533020734787,0.05424491688609123
14500,0.052243124693632126,0.0692313015460968,0.05500950664281845
15000,0.05191738158464432,0.07042671740055084,0.054527729749679565
15500,0.0524451844394207,0.06933709233999252,0.05469447374343872
16000,0.051818232983350754,0.0695948377251625,0.05462183058261871
16500,0.05333227664232254,0.0699840635061264,0.05460946261882782
17000,0.05156935378909111,0.06878706067800522,0.0538492426276207
17500,0.05195985734462738,0.06934670358896255,0.05442498251795769
18000,0.05155576765537262,0.06879382580518723,0.05417342111468315
18500,0.051417604088783264,0.07083413004875183,0.054298076778650284
19000,0.05111714079976082,0.06894438713788986,0.054599180817604065
19500,0.05179804563522339,0.06914304941892624,0.054796893149614334
20000,0.052028633654117584,0.06876445561647415,0.054034844040870667
20500,0.05188828706741333,0.06881795078516006,0.05442487448453903
21000,0.05283353105187416,0.07020667940378189,0.05373620241880417
21500,0.05191035941243172,0.06976445019245148,0.054561007767915726
22000,0.051571331918239594,0.06973008811473846,0.05446292459964752
22500,0.05142950266599655,0.06955008208751678,0.05441449210047722
23000,0.051866594702005386,0.06918245553970337,0.05420341715216637
23500,0.051890481263399124,0.06897062063217163,0.05451776459813118
24000,0.05220991000533104,0.06937991082668304,0.05403595417737961
24500,0.051813118159770966,0.06980309635400772,0.053390320390462875
25000,0.051343291997909546,0.06927741318941116,0.05464227497577667
25500,0.05177469551563263,0.06970135122537613,0.05428287386894226
26000,0.05173083767294884,0.06943860650062561,0.05454723909497261
26500,0.05172828584909439,0.06964956223964691,0.05418519675731659
27000,0.05164661630988121,0.06904561072587967,0.055340759456157684
27500,0.0526667945086956,0.06891550123691559,0.054667819291353226
28000,0.051540106534957886,0.06873566657304764,0.054242949932813644
28500,0.05189316347241402,0.06950173527002335,0.05496956408023834
29000,0.051468346267938614,0.06947401165962219,0.054566722363233566
29500,0.05234396457672119,0.06935158371925354,0.054381150752305984
30000,0.05252538621425629,0.06887847930192947,0.05415807291865349
30500,0.051915306597948074,0.06913992762565613,0.05427343770861626
31000,0.051592353731393814,0.06946496665477753,0.05400295555591583
31500,0.05169908329844475,0.06944195926189423,0.05388836935162544
32000,0.05144559219479561,0.06974993646144867,0.054555442184209824
32500,0.05249454453587532,0.06943338364362717,0.05392083525657654
33000,0.05182293429970741,0.06928811222314835,0.054075922816991806
33500,0.052888721227645874,0.06911077350378036,0.05469498038291931
34000,0.0516449436545372,0.0697246864438057,0.05458149313926697
34500,0.05110669508576393,0.0701536163687706,0.054448164999485016
35000,0.05144951120018959,0.06886082142591476,0.05454590171575546
35500,0.052108969539403915,0.06945466995239258,0.05392575263977051
36000,0.05152460187673569,0.07026468217372894,0.05407996103167534
36500,0.051613811403512955,0.06970018148422241,0.05510563403367996
37000,0.05165553465485573,0.06963502615690231,0.054457660764455795
37500,0.05155325308442116,0.06936708092689514,0.05467113479971886
38000,0.05178285017609596,0.06874501705169678,0.05455368384718895
38500,0.05207958444952965,0.06897343695163727,0.05386407673358917
39000,0.0513923317193985,0.0690658688545227,0.054134830832481384
39500,0.05162849649786949,0.06978288292884827,0.05426766723394394
40000,0.051434583961963654,0.06953000277280807,0.05396120250225067
40500,0.052489835768938065,0.06962724030017853,0.05432703346014023
41000,0.051520854234695435,0.06860551983118057,0.0545986108481884
41500,0.05212156102061272,0.06951858103275299,0.05501334369182587
42000,0.0514354482293129,0.06890324503183365,0.05432325601577759
42500,0.0519854798913002,0.06990887969732285,0.05388632044196129
43000,0.051900606602430344,0.06923694908618927,0.05435643717646599
43500,0.0517757348716259,0.06882353127002716,0.054446447640657425
44000,0.0517895445227623,0.06889655441045761,0.05494649335741997
44500,0.05231854319572449,0.06947415322065353,0.05469826981425285
45000,0.05224401876330376,0.07004283368587494,0.05433681234717369
45500,0.052207015454769135,0.0695652961730957,0.055035579949617386
46000,0.051800522953271866,0.06877422332763672,0.05471855029463768
46500,0.051454056054353714,0.06985243409872055,0.05442044138908386
47000,0.05183876305818558,0.06865781545639038,0.05419044569134712
47500,0.05204080790281296,0.06945197284221649,0.054012104868888855
48000,0.051774416118860245,0.06890647858381271,0.05511199310421944
48500,0.05175068601965904,0.06957922130823135,0.05428393557667732
49000,0.05226343870162964,0.07015259563922882,0.05431333929300308
49500,0.051868099719285965,0.07018797844648361,0.05449047312140465
50000,0.051888078451156616,0.06896213442087173,0.05425473675131798
50500,0.05142614245414734,0.06935912370681763,0.0551137775182724
51000,0.051699478179216385,0.0691402330994606,0.05548787862062454
51500,0.051666077226400375,0.0692637637257576,0.053912095725536346
52000,0.05195426940917969,0.06899357587099075,0.05427630990743637
52500,0.05129174515604973,0.06930289417505264,0.05446171388030052
53000,0.051104795187711716,0.06879274547100067,0.054173752665519714
53500,0.05224362760782242,0.06942889839410782,0.05440928786993027
54000,0.0518861822783947,0.06988968700170517,0.05459360033273697
54500,0.05187177658081055,0.0691516175866127,0.05437278747558594
55000,0.051890525966882706,0.06876131147146225,0.054560523480176926
55500,0.05174301192164421,0.06897549331188202,0.05409085005521774
56000,0.05120809003710747,0.06945694983005524,0.05415674299001694
56500,0.05161982774734497,0.06958305090665817,0.05493742972612381
57000,0.05199223756790161,0.06971463561058044,0.05429494008421898
57500,0.051330555230379105,0.06894160062074661,0.05372365564107895
58000,0.051255084574222565,0.06957691162824631,0.05497831106185913
58500,0.052003566175699234,0.07020845264196396,0.05436288192868233
59000,0.05183172971010208,0.0688251331448555,0.0538615807890892
59500,0.05188906937837601,0.06910153478384018,0.05514312908053398
60000,0.051880400627851486,0.06878175586462021,0.05455150827765465
60500,0.0512886568903923,0.07015789300203323,0.05432458221912384
61000,0.05211983248591423,0.06980206072330475,0.05427531898021698
61500,0.05138348042964935,0.0687672421336174,0.053864769637584686
62000,0.0513886883854866,0.0701066181063652,0.05418362841010094
62500,0.05144768953323364,0.06951633840799332,0.054839543998241425
63000,0.051617156714200974,0.06991042196750641,0.0550900474190712
63500,0.05132223293185234,0.06958428770303726,0.054695021361112595
64000,0.05132735148072243,0.0692596435546875,0.05369953438639641
64500,0.05119004845619202,0.06982182711362839,0.05435100942850113
65000,0.05128173530101776,0.06876595318317413,0.05405999347567558
65500,0.051845449954271317,0.0695403516292572,0.05437825992703438
66000,0.051894109696149826,0.07051648944616318,0.053683627396821976
66500,0.05148635804653168,0.06906024366617203,0.054078470915555954
67000,0.051806170493364334,0.06901902705430984,0.05489780753850937
67500,0.052442874759435654,0.06980862468481064,0.05443750321865082
68000,0.05191105231642723,0.06878042966127396,0.05474412813782692
68500,0.05159977078437805,0.06926120072603226,0.054465457797050476
69000,0.05075393617153168,0.06988739222288132,0.05486349016427994
69500,0.05253669247031212,0.06901610642671585,0.054024431854486465
70000,0.05160671845078468,0.06910157203674316,0.0544159896671772
70500,0.05144503340125084,0.06961910426616669,0.05456709489226341
71000,0.0519237145781517,0.06952658295631409,0.05431106686592102
71500,0.05258799344301224,0.06943801790475845,0.054304372519254684
72000,0.0515756793320179,0.06876867264509201,0.05436597019433975
72500,0.05194856598973274,0.0695270299911499,0.05360947549343109
73000,0.05219074338674545,0.06923025846481323,0.054488468915224075
73500,0.05221857130527496,0.0689157098531723,0.05491504445672035
74000,0.052057817578315735,0.06917860358953476,0.05540163815021515
74500,0.05213817581534386,0.06897785514593124,0.05444585159420967
75000,0.05136045813560486,0.0695876032114029,0.054229989647865295
75500,0.051502689719200134,0.0694333165884018,0.054140836000442505
76000,0.051424697041511536,0.06951702386140823,0.054667338728904724
76500,0.052345432341098785,0.06910240650177002,0.053992558270692825
77000,0.05258883908390999,0.06945674121379852,0.05419159680604935
77500,0.05163927748799324,0.06940469890832901,0.05417127162218094
78000,0.05217400938272476,0.06894376128911972,0.054454974830150604
78500,0.052099600434303284,0.06955187022686005,0.054238151758909225
79000,0.05152043327689171,0.06834477186203003,0.05397333577275276
79500,0.05105122551321983,0.06976833939552307,0.05447451025247574
80000,0.05153237655758858,0.06985030323266983,0.05432191118597984
80500,0.05195777863264084,0.069265216588974,0.05444763973355293
81000,0.05164362117648125,0.06941375881433487,0.05400235578417778
81500,0.05138581618666649,0.06920862942934036,0.05443435162305832
82000,0.05163932591676712,0.0696452185511589,0.0543518029153347
82500,0.05178732052445412,0.06898721307516098,0.055238742381334305
83000,0.051837075501680374,0.06888701766729355,0.05508575588464737
83500,0.05203093960881233,0.06937143951654434,0.05360032618045807
84000,0.05149150639772415,0.06939537078142166,0.05423930287361145
84500,0.05176734924316406,0.06949120759963989,0.05449841916561127
85000,0.051444705575704575,0.06928727775812149,0.05480059236288071
85500,0.05134786665439606,0.06910594552755356,0.054234787821769714
86000,0.05189686268568039,0.06871415674686432,0.053773604333400726
86500,0.05158644914627075,0.07002196460962296,0.0539872944355011
87000,0.05089392513036728,0.07007868587970734,0.05408892035484314
87500,0.05196874588727951,0.06918040663003922,0.05388057604432106
88000,0.05116203799843788,0.06988261640071869,0.05432698875665665
88500,0.051914334297180176,0.06874330341815948,0.05446827784180641
89000,0.052457764744758606,0.07015464454889297,0.05465596914291382
89500,0.051547713577747345,0.0695863589644432,0.054163675755262375
90000,0.052032023668289185,0.06855297833681107,0.05405937135219574
90500,0.05189163610339165,0.06909656524658203,0.05417288839817047
91000,0.05209469422698021,0.06932615488767624,0.05426110327243805
91500,0.0519014373421669,0.06937814503908157,0.054320674389600754
92000,0.051813673228025436,0.06929977238178253,0.05438745766878128
92500,0.05192073434591293,0.06920669227838516,0.05435692146420479
93000,0.05197620019316673,0.06925548613071442,0.054384149610996246
93500,0.0519130639731884,0.06927412003278732,0.054328445345163345
94000,0.05193993076682091,0.06938713788986206,0.054305300116539
94500,0.051970940083265305,0.06938721239566803,0.054297368973493576
95000,0.051951613277196884,0.06940390914678574,0.05430154502391815
95500,0.05193540081381798,0.06942122429609299,0.05438650771975517
96000,0.05189503729343414,0.06945504993200302,0.05438176542520523
96500,0.05187448114156723,0.06940463185310364,0.054399386048316956
97000,0.05189598351716995,0.06941445171833038,0.05442890524864197
97500,0.05191639065742493,0.06940726190805435,0.05436936765909195
98000,0.05194542557001114,0.06941866874694824,0.054400403052568436
98500,0.05192512273788452,0.06934338808059692,0.054374244064092636
99000,0.05191750079393387,0.06932279467582703,0.05435963720083237
99500,0.05192870274186134,0.06934722512960434,0.05437135323882103
100000,0.05192297697067261,0.06937935948371887,0.05438551679253578
