500,0.008505881763994694,0.011071402579545975,0.005309918895363808
1000,0.007412473671138287,0.010506417602300644,0.005645750090479851
1500,0.007792029995471239,0.011459005065262318,0.005823449231684208
2000,0.0064894151873886585,0.00934417825192213,0.004476536996662617
2500,0.00653667701408267,0.008342362008988857,0.004579944536089897
3000,0.006705514155328274,0.008968067355453968,0.004983292892575264
3500,0.006750099360942841,0.009204549714922905,0.004778897389769554
4000,0.005910590291023254,0.008392115123569965,0.00397179089486599
4500,0.006055295933037996,0.008792709559202194,0.004270836710929871
5000,0.006220410577952862,0.009188679046928883,0.004611375741660595
5500,0.006419260520488024,0.009257872588932514,0.004429200664162636
6000,0.005777596030384302,0.00846131145954132,0.0034381442237645388
6500,0.0067382394336164,0.009490649215877056,0.004613854456692934
7000,0.005334856454282999,0.00812211912125349,0.0036771753802895546
7500,0.005716433748602867,0.008359118364751339,0.004457260947674513
8000,0.005558303091675043,0.007966318167746067,0.004197373986244202
8500,0.005829313769936562,0.008239042945206165,0.004023947287350893
9000,0.005865714978426695,0.008469909429550171,0.004253214690834284
9500,0.0068767801858484745,0.009566972963511944,0.004487466532737017
10000,0.006074773613363504,0.008790399879217148,0.004330216441303492
10500,0.006157452240586281,0.00866634864360094,0.0043153115548193455
11000,0.0074155740439891815,0.00995581317692995,0.004503116477280855
11500,0.00592291122302413,0.008678290992975235,0.004433115944266319
12000,0.006776266731321812,0.009237230755388737,0.004743189085274935
12500,0.007512444630265236,0.010881394147872925,0.005134908482432365
13000,0.005517010111361742,0.008302886970341206,0.004104380961507559
13500,0.004935846198350191,0.007271599490195513,0.003016278613358736
14000,0.006706444546580315,0.008820702321827412,0.004349594470113516
14500,0.005935628432780504,0.009212523698806763,0.004137248732149601
15000,0.00603038864210248,0.0084955133497715,0.0038911006413400173
15500,0.006703774910420179,0.010382345877587795,0.004511726554483175
16000,0.0062242113053798676,0.008600899949669838,0.004135396797209978
16500,0.00512174516916275,0.007949606515467167,0.0038106360007077456
17000,0.006177414674311876,0.008523376658558846,0.005232324358075857
17500,0.005233023315668106,0.007902650162577629,0.004150315187871456
18000,0.006128593347966671,0.009029186330735683,0.003697759937494993
18500,0.006742903031408787,0.008988471701741219,0.0045473272912204266
19000,0.006774118170142174,0.010016974993050098,0.004273004364222288
19500,0.007142762653529644,0.009862485341727734,0.004049376118928194
20000,0.00594325503334403,0.009275361895561218,0.004036234691739082
20500,0.006169784348458052,0.009579234756529331,0.004036419093608856
21000,0.006104729603976011,0.009118633344769478,0.003916140180081129
21500,0.005474945530295372,0.007570351008325815,0.0035567590966820717
22000,0.007373224012553692,0.009786476381123066,0.004883066285401583
22500,0.006855558138340712,0.009573092684149742,0.004883555229753256
23000,0.006010130513459444,0.009019293822348118,0.004034914541989565
23500,0.0058252569288015366,0.008101428858935833,0.003796458477154374
24000,0.0068342480808496475,0.010631014592945576,0.004421650432050228
24500,0.0070943692699074745,0.0094669284299016,0.004889466799795628
25000,0.006891108583658934,0.009116746485233307,0.004691634327173233
25500,0.0061743902042508125,0.00944602396339178,0.004461328499019146
26000,0.006860895082354546,0.010039497166872025,0.004326198250055313
26500,0.005212149117141962,0.0074326335452497005,0.0038555050268769264
27000,0.005078939255326986,0.007727234624326229,0.0041239517740905285
27500,0.004643701948225498,0.006650444585829973,0.003300619777292013
28000,0.005308559164404869,0.007359977811574936,0.0036118673160672188
28500,0.005426607094705105,0.008056464605033398,0.0034570496063679457
29000,0.005415427498519421,0.0078015998005867004,0.003751622047275305
29500,0.005253006238490343,0.008183534257113934,0.003532964503392577
30000,0.005746312905102968,0.008617800660431385,0.0038119936361908913
30500,0.005852332804352045,0.007895407266914845,0.003973480314016342
31000,0.005670820362865925,0.008430245332419872,0.004025244619697332
31500,0.005077052861452103,0.007620218209922314,0.003534437157213688
32000,0.0064231762662529945,0.008864135481417179,0.004149240907281637
32500,0.005220018792897463,0.007924872450530529,0.003813802730292082
33000,0.005573271308094263,0.008375168778002262,0.004025877919048071
33500,0.005048058461397886,0.007656637579202652,0.0030029064510017633
34000,0.006534751038998365,0.00923759676516056,0.0041144294664263725
34500,0.005483661778271198,0.00790902879089117,0.003310498083010316
35000,0.005590569693595171,0.008051333948969841,0.0036990121006965637
35500,0.0059093814343214035,0.008644075132906437,0.00418076291680336
36000,0.0062796068377792835,0.008713570423424244,0.004016450140625238
36500,0.006110647693276405,0.008438239805400372,0.004066194407641888
37000,0.006402590777724981,0.008455547504127026,0.0042882924899458885
37500,0.005913006141781807,0.008369531482458115,0.003942908253520727
38000,0.006243407726287842,0.009201038628816605,0.004358457867056131
38500,0.005666406359523535,0.0082956962287426,0.004162825644016266
39000,0.006003599613904953,0.008325277827680111,0.004065393470227718
39500,0.005499296821653843,0.007706448435783386,0.0036765127442777157
40000,0.0060119908303022385,0.008357802405953407,0.004361541010439396
40500,0.007082066033035517,0.009869993664324284,0.005103774834424257
41000,0.00799710862338543,0.010045688599348068,0.006011076271533966
41500,0.006553108338266611,0.009292586706578732,0.004953700117766857
42000,0.008504057303071022,0.012025110423564911,0.00521543575450778
42500,0.006944749038666487,0.009415198117494583,0.004675006493926048
43000,0.006377747748047113,0.008705920539796352,0.004400669131428003
43500,0.006562842521816492,0.008787902072072029,0.0045585623010993
44000,0.005324185360223055,0.008267614990472794,0.004075455479323864
44500,0.005494911689311266,0.007661648094654083,0.0043078139424324036
45000,0.005344783887267113,0.007753218058496714,0.0044282167218625546
45500,0.005186644848436117,0.007485315669327974,0.0037270390894263983
46000,0.005943496245890856,0.008555108681321144,0.004167536739259958
46500,0.006545341573655605,0.00916576199233532,0.004341364372521639
47000,0.005680235568434,0.00861070305109024,0.003997827880084515
47500,0.00546307722106576,0.008299210108816624,0.00411739107221365
48000,0.0051549398340284824,0.007577212993055582,0.003577730618417263
48500,0.005537755321711302,0.007970485836267471,0.0037564856465905905
49000,0.004740308504551649,0.007144152652472258,0.0032903647515922785
49500,0.0051240683533251286,0.00739179365336895,0.003666801145300269
50000,0.005476339720189571,0.00854277703911066,0.0037276025395840406
50500,0.0051472983323037624,0.008182582445442677,0.003485875204205513
51000,0.005281326826661825,0.00789281353354454,0.003405724186450243
51500,0.0059014856815338135,0.008878509514033794,0.004279831424355507
52000,0.0054638017900288105,0.008145070634782314,0.004299102816730738
52500,0.005754841025918722,0.008375687524676323,0.004225673619657755
53000,0.005765423644334078,0.007510317023843527,0.0038991300389170647
53500,0.00487867696210742,0.007226614747196436,0.003534903982654214
54000,0.005460853222757578,0.008029847405850887,0.003565633436664939
54500,0.006008944008499384,0.009079237468540668,0.0044893305748701096
55000,0.005016894079744816,0.00707505876198411,0.003325698198750615
55500,0.004974696319550276,0.008183334954082966,0.0033663930371403694
56000,0.005779965780675411,0.00848618894815445,0.003834896022453904
56500,0.005658306647092104,0.008666629903018475,0.004052337259054184
57000,0.006240705493837595,0.008998433127999306,0.0038473489694297314
57500,0.00538343470543623,0.00839177891612053,0.0037277003284543753
58000,0.005732109770178795,0.008036796003580093,0.0038351796101778746
58500,0.005402487702667713,0.007783173583447933,0.003517551813274622
59000,0.005826143082231283,0.00891122780740261,0.003940310794860125
59500,0.005771488882601261,0.008369567804038525,0.0037671567406505346
60000,0.005404193419963121,0.008358260616660118,0.0035558671224862337
60500,0.005672078114002943,0.008171500638127327,0.0037001552991569042
61000,0.006191236432641745,0.008194046095013618,0.004140887875109911
61500,0.00703712971881032,0.010014739818871021,0.004915248602628708
62000,0.0061245327815413475,0.008642986416816711,0.004251276608556509
62500,0.00723600760102272,0.010020595975220203,0.004452801775187254
63000,0.007085454184561968,0.009739745408296585,0.0051689352840185165
63500,0.007615699432790279,0.009702175855636597,0.005222356412559748
64000,0.008209568448364735,0.011602924205362797,0.005728909745812416
64500,0.008339780382812023,0.011612704023718834,0.0050868624821305275
65000,0.007691315840929747,0.01109807938337326,0.004968468565493822
65500,0.007986719720065594,0.010830942541360855,0.005261228419840336
66000,0.006371756549924612,0.008352472446858883,0.0044014728628098965
66500,0.006811701692640781,0.009529203176498413,0.004789174068719149
67000,0.0064725447446107864,0.008669969625771046,0.004490204155445099
67500,0.005655719432979822,0.008272429928183556,0.003964248578995466
68000,0.00590853625908494,0.009295932948589325,0.0041739665903151035
68500,0.007292057853192091,0.009736374020576477,0.004518881440162659
69000,0.0073171257972717285,0.010152769275009632,0.005244591739028692
69500,0.006713819690048695,0.009185463190078735,0.004191262181848288
70000,0.006938949227333069,0.009526681154966354,0.004364112392067909
70500,0.005531147122383118,0.007075851783156395,0.003514443291351199
71000,0.006105664186179638,0.008289741352200508,0.0036703995428979397
71500,0.005714482627809048,0.008108443580567837,0.0036561491433531046
72000,0.005868977401405573,0.00830171164125204,0.0037022943142801523
72500,0.006035759579390287,0.009242222644388676,0.004082591738551855
73000,0.005464382469654083,0.009007083252072334,0.00391618674620986
73500,0.005455551669001579,0.008111250586807728,0.0036899466067552567
74000,0.0057833073660731316,0.007954880595207214,0.00364190386608243
74500,0.006501271389424801,0.00898889172822237,0.004364567808806896
75000,0.0059636663645505905,0.008456765674054623,0.004553331062197685
75500,0.005786821711808443,0.007790673989802599,0.0042725661769509315
76000,0.005752986297011375,0.008621787652373314,0.004281693138182163
76500,0.005135807208716869,0.007539194077253342,0.0035664138849824667
77000,0.005940634291619062,0.009127102792263031,0.004564482718706131
77500,0.005820914171636105,0.008611088618636131,0.004326645750552416
78000,0.004919870290905237,0.007114827632904053,0.003798131598159671
78500,0.006340735591948032,0.008725232444703579,0.004361713770776987
79000,0.006312600802630186,0.010224697180092335,0.0045056636445224285
79500,0.0062946053221821785,0.008974423632025719,0.0037037546280771494
80000,0.005498699378222227,0.007815271615982056,0.003830601228401065
80500,0.005576745606958866,0.008443951606750488,0.004040871746838093
81000,0.005256383679807186,0.0077779279090464115,0.004060174338519573
81500,0.005670423153787851,0.008107924833893776,0.003936190623790026
82000,0.006842053961008787,0.009840406477451324,0.004909823182970285
82500,0.0062684714794158936,0.008888497948646545,0.004470491781830788
83000,0.00556842889636755,0.00865861214697361,0.004069858696311712
83500,0.006528113968670368,0.008599973283708096,0.00550204049795866
84000,0.006480283569544554,0.00904383696615696,0.0050897179171442986
84500,0.006045305170118809,0.009745324961841106,0.004444778896868229
85000,0.006174142938107252,0.009206783957779408,0.004447212442755699
85500,0.006770388223230839,0.010399479418992996,0.004632981494069099
86000,0.006229386664927006,0.008606783114373684,0.00468464195728302
86500,0.00724956626072526,0.010961687192320824,0.005195028614252806
87000,0.0065861293114721775,0.00881426502019167,0.0042856778018176556
87500,0.006461298558861017,0.009973674081265926,0.004666066728532314
88000,0.007776663172990084,0.011015541851520538,0.005076416302472353
88500,0.006666208151727915,0.009343176148831844,0.004709539003670216
89000,0.005571623798459768,0.008540895767509937,0.004345672205090523
89500,0.006238211877644062,0.009089646860957146,0.004335468634963036
90000,0.0057604662142694,0.00904941838234663,0.004560362547636032
90500,0.005904210265725851,0.008933338336646557,0.004372360650449991
91000,0.005850678309798241,0.008848290890455246,0.004559590481221676
91500,0.005402209237217903,0.008129623718559742,0.004308043979108334
92000,0.005908609367907047,0.008817855268716812,0.0043997750617563725
92500,0.005746724084019661,0.008556258864700794,0.004287284798920155
93000,0.005557134281843901,0.008525161072611809,0.0042153275571763515
93500,0.005677993409335613,0.008240646682679653,0.004196275491267443
94000,0.0057160877622663975,0.008428938686847687,0.004220957402139902
94500,0.005685070063918829,0.008420117199420929,0.004296028986573219
95000,0.005624627228826284,0.00840707030147314,0.004301454871892929
95500,0.005410412326455116,0.008166421204805374,0.004033390898257494
96000,0.005390424281358719,0.008039310574531555,0.004094347357749939
96500,0.005875806789845228,0.008673074655234814,0.004449195694178343
97000,0.005876098293811083,0.008895354345440865,0.004303266294300556
97500,0.005591697059571743,0.008643501438200474,0.004136343020945787
98000,0.005522998049855232,0.008320881053805351,0.0041927313432097435
98500,0.005742935463786125,0.008452012203633785,0.004278845619410276
99000,0.005708341021090746,0.008553440682590008,0.004311364609748125
99500,0.0054864524863660336,0.007896111346781254,0.0038943584077060223
100000,0.005871782079339027,0.008795632049441338,0.004293876700103283
